GroupCode,MachCode,status,duration
A1                            ,4,False,0 days 05:37:46.000000000
A1                            ,4,True,0 days 07:35:39.000000000
A1                            ,5,False,0 days 07:30:20.000000000
A1                            ,5,True,0 days 06:23:44.000000000
A1                            ,6,False,0 days 03:56:14.000000000
A1                            ,6,True,0 days 08:01:46.000000000
A1                            ,7,False,0 days 03:53:07.000000000
A1                            ,7,True,0 days 09:54:51.000000000
A1                            ,8,False,0 days 05:19:45.000000000
A1                            ,8,True,0 days 07:24:32.000000000
A1                            ,9,False,0 days 02:43:08.000000000
A1                            ,9,True,0 days 10:34:01.000000000
A1                            ,10,False,0 days 02:54:31.000000000
A1                            ,10,True,0 days 10:38:51.000000000
A1                            ,11,False,0 days 03:07:17.000000000
A1                            ,11,True,0 days 10:19:36.000000000
A1                            ,12,False,0 days 01:50:13.000000000
A1                            ,12,True,0 days 11:52:33.000000000
A1                            ,14,False,0 days 01:48:04.000000000
A1                            ,14,True,0 days 10:40:50.000000000
A1                            ,15,False,0 days 01:06:04.000000000
A1                            ,15,True,0 days 12:09:48.000000000
A1                            ,16,False,0 days 04:11:08.000000000
A1                            ,16,True,0 days 09:25:53.000000000
A1                            ,17,False,0 days 01:16:03.000000000
A1                            ,17,True,0 days 11:12:16.000000000
A1                            ,18,False,0 days 00:14:45.000000000
A1                            ,18,True,0 days 13:29:34.000000000
A1                            ,19,False,0 days 01:23:15.000000000
A1                            ,19,True,0 days 12:28:29.000000000
A1                            ,20,False,0 days 04:50:23.000000000
A1                            ,20,True,0 days 06:18:30.000000000
A1                            ,21,False,0 days 01:13:45.000000000
A1                            ,21,True,0 days 10:01:56.000000000
A1                            ,22,False,0 days 00:21:52.000000000
A1                            ,22,True,0 days 09:47:08.000000000
A1                            ,23,False,0 days 02:12:29.000000000
A1                            ,23,True,0 days 09:32:33.000000000
A1                            ,24,False,0 days 01:56:31.000000000
A1                            ,24,True,0 days 10:49:19.000000000
A1                            ,25,False,0 days 00:20:16.000000000
A1                            ,25,True,0 days 11:17:40.000000000
A1                            ,26,False,0 days 00:37:08.000000000
A1                            ,26,True,0 days 11:57:56.000000000
A1                            ,27,False,0 days 03:22:32.000000000
A1                            ,27,True,0 days 09:05:54.000000000
A1                            ,28,False,0 days 01:45:26.000000000
A1                            ,28,True,0 days 11:52:10.000000000
A1                            ,29,False,0 days 01:02:57.000000000
A1                            ,29,True,0 days 12:38:28.000000000
A1                            ,30,False,0 days 01:49:28.000000000
A1                            ,30,True,0 days 10:03:03.000000000
A1                            ,31,False,0 days 00:41:05.000000000
A1                            ,31,True,0 days 11:46:47.000000000
A1                            ,32,False,0 days 00:28:05.000000000
A1                            ,32,True,0 days 12:20:49.000000000
A2                            ,33,False,0 days 10:48:59.000000000
A2                            ,36,False,0 days 07:22:28.000000000
A2                            ,36,True,0 days 06:18:54.000000000
A2                            ,37,False,0 days 03:04:16.000000000
A2                            ,37,True,0 days 09:39:44.000000000
A2                            ,38,False,0 days 03:04:31.000000000
A2                            ,38,True,0 days 09:26:14.000000000
A2                            ,39,False,0 days 03:23:54.000000000
A2                            ,39,True,0 days 08:50:56.000000000
A2                            ,40,False,0 days 04:00:31.000000000
A2                            ,40,True,0 days 09:51:57.000000000
A2                            ,41,False,0 days 02:21:08.000000000
A2                            ,41,True,0 days 10:42:31.000000000
A2                            ,42,False,0 days 09:14:09.000000000
A2                            ,42,True,0 days 04:21:40.000000000
A2                            ,43,False,0 days 01:02:12.000000000
A2                            ,43,True,0 days 11:48:49.000000000
A2                            ,44,False,0 days 01:22:58.000000000
A2                            ,44,True,0 days 10:13:08.000000000
A2                            ,45,False,0 days 01:52:57.000000000
A2                            ,45,True,0 days 11:32:41.000000000
A2                            ,46,False,0 days 02:03:07.000000000
A2                            ,46,True,0 days 10:56:28.000000000
A2                            ,47,False,0 days 01:02:30.000000000
A2                            ,47,True,0 days 12:12:15.000000000
A2                            ,48,False,0 days 01:57:21.000000000
A2                            ,48,True,0 days 11:18:04.000000000
A2                            ,49,False,0 days 00:17:00.000000000
A2                            ,49,True,0 days 11:27:55.000000000
A2                            ,50,False,0 days 00:20:32.000000000
A2                            ,50,True,0 days 13:34:50.000000000
A2                            ,51,False,0 days 02:39:06.000000000
A2                            ,51,True,0 days 10:14:59.000000000
A2                            ,52,False,0 days 00:21:31.000000000
A2                            ,52,True,0 days 12:36:26.000000000
A2                            ,53,False,0 days 00:39:53.000000000
A2                            ,53,True,0 days 11:39:23.000000000
A2                            ,54,False,0 days 01:28:48.000000000
A2                            ,54,True,0 days 12:17:14.000000000
A2                            ,55,False,0 days 01:01:18.000000000
A2                            ,55,True,0 days 12:31:03.000000000
A2                            ,56,False,0 days 04:13:03.000000000
A2                            ,56,True,0 days 09:41:58.000000000
A2                            ,57,False,0 days 11:23:53.000000000
A2                            ,57,True,0 days 02:08:46.000000000
A2                            ,58,False,0 days 00:25:04.000000000
A2                            ,58,True,0 days 12:07:05.000000000
A2                            ,59,False,0 days 04:52:17.000000000
A2                            ,59,True,0 days 08:20:36.000000000
A2                            ,60,False,0 days 00:55:15.000000000
A2                            ,60,True,0 days 12:25:58.000000000
A2                            ,61,False,0 days 00:32:08.000000000
A2                            ,61,True,0 days 10:27:32.000000000
A2                            ,62,False,0 days 03:04:22.000000000
A2                            ,62,True,0 days 08:54:17.000000000
A2                            ,63,False,0 days 00:04:16.000000000
A2                            ,63,True,0 days 11:41:14.000000000
A2                            ,64,False,0 days 01:31:17.000000000
A2                            ,64,True,0 days 11:57:34.000000000
B1                            ,1,False,0 days 02:24:05.000000000
B1                            ,1,True,0 days 01:48:52.000000000
B1                            ,2,False,0 days 04:22:45.000000000
B1                            ,2,True,0 days 08:17:27.000000000
B1                            ,5,False,0 days 00:07:53.000000000
B1                            ,5,True,0 days 03:15:25.000000000
B1                            ,6,False,0 days 04:24:52.000000000
B1                            ,6,True,0 days 08:46:07.000000000
B1                            ,7,False,0 days 02:11:10.000000000
B1                            ,7,True,0 days 06:56:39.000000000
B1                            ,8,False,0 days 01:04:45.000000000
B1                            ,8,True,0 days 08:04:35.000000000
B1                            ,9,False,0 days 04:24:05.000000000
B1                            ,9,True,0 days 04:45:09.000000000
B1                            ,10,False,0 days 04:45:14.000000000
B1                            ,10,True,0 days 07:43:44.000000000
B1                            ,11,False,0 days 06:23:07.000000000
B1                            ,11,True,0 days 01:05:47.000000000
B1                            ,12,False,0 days 06:49:27.000000000
B1                            ,12,True,0 days 04:36:17.000000000
B1                            ,13,False,0 days 07:57:20.000000000
B1                            ,13,True,0 days 02:43:23.000000000
B1                            ,14,False,0 days 06:38:37.000000000
B1                            ,14,True,0 days 05:08:20.000000000
B1                            ,15,False,0 days 07:24:32.000000000
B1                            ,15,True,0 days 03:38:08.000000000
B1                            ,16,False,0 days 07:24:57.000000000
B1                            ,16,True,0 days 03:31:12.000000000
B2                            ,33,False,0 days 02:11:44.000000000
B2                            ,33,True,0 days 10:53:39.000000000
B2                            ,34,False,0 days 05:47:12.000000000
B2                            ,34,True,0 days 02:32:28.000000000
B2                            ,37,False,0 days 03:32:05.000000000
B2                            ,37,True,0 days 03:52:05.000000000
B2                            ,38,False,0 days 02:49:35.000000000
B2                            ,38,True,0 days 06:45:06.000000000
B2                            ,39,False,0 days 01:38:13.000000000
B2                            ,39,True,0 days 07:59:30.000000000
B2                            ,40,False,0 days 01:53:43.000000000
B2                            ,40,True,0 days 08:11:11.000000000
C1                            ,1,False,0 days 02:22:06.000000000
C1                            ,1,True,0 days 10:19:43.000000000
C1                            ,2,False,0 days 01:00:47.000000000
C1                            ,2,True,0 days 11:55:42.000000000
C1                            ,4,False,0 days 02:31:57.000000000
C1                            ,4,True,0 days 11:04:18.000000000
C1                            ,5,False,0 days 03:32:59.000000000
C1                            ,5,True,0 days 10:20:17.000000000
C1                            ,6,False,0 days 02:37:36.000000000
C1                            ,6,True,0 days 11:04:45.000000000
C1                            ,7,False,0 days 03:12:19.000000000
C1                            ,7,True,0 days 09:52:12.000000000
C1                            ,8,False,0 days 03:38:11.000000000
C1                            ,8,True,0 days 07:50:38.000000000
C1                            ,9,False,0 days 08:02:46.000000000
C1                            ,9,True,0 days 04:20:56.000000000
C1                            ,10,False,0 days 08:05:59.000000000
C1                            ,10,True,0 days 04:35:55.000000000
C1                            ,11,False,0 days 01:26:02.000000000
C1                            ,11,True,0 days 02:28:39.000000000
C1                            ,12,False,0 days 00:08:57.000000000
C1                            ,12,True,0 days 04:01:47.000000000
C1                            ,13,False,0 days 04:24:09.000000000
C1                            ,13,True,0 days 07:46:55.000000000
C1                            ,14,False,0 days 04:00:47.000000000
C1                            ,14,True,0 days 02:21:56.000000000
C1                            ,15,False,0 days 04:02:56.000000000
C1                            ,15,True,0 days 01:58:29.000000000
C1                            ,16,False,0 days 03:52:19.000000000
C1                            ,16,True,0 days 02:22:10.000000000
C1                            ,17,False,0 days 01:49:07.000000000
C1                            ,17,True,0 days 11:40:01.000000000
C1                            ,18,False,0 days 02:21:37.000000000
C1                            ,18,True,0 days 10:40:14.000000000
C1                            ,19,False,0 days 00:31:04.000000000
C1                            ,19,True,0 days 10:58:28.000000000
C1                            ,20,False,0 days 00:18:06.000000000
C1                            ,20,True,0 days 11:06:05.000000000
C1                            ,21,False,0 days 00:31:26.000000000
C1                            ,21,True,0 days 12:50:13.000000000
C1                            ,22,False,0 days 01:32:35.000000000
C1                            ,22,True,0 days 10:39:10.000000000
C1                            ,23,False,0 days 02:32:30.000000000
C1                            ,23,True,0 days 09:48:49.000000000
C1                            ,24,False,0 days 00:55:08.000000000
C1                            ,24,True,0 days 10:40:17.000000000
C1                            ,25,False,0 days 01:58:09.000000000
C1                            ,25,True,0 days 09:26:33.000000000
C1                            ,26,False,0 days 00:12:03.000000000
C1                            ,26,True,0 days 12:13:46.000000000
C1                            ,27,False,0 days 02:28:33.000000000
C1                            ,27,True,0 days 09:25:34.000000000
C1                            ,29,False,0 days 08:38:00.000000000
C1                            ,29,True,0 days 02:03:19.000000000
C1                            ,30,False,0 days 03:31:06.000000000
C1                            ,30,True,0 days 07:22:45.000000000
C1                            ,31,False,0 days 01:30:00.000000000
C1                            ,31,True,0 days 11:09:01.000000000
C2                            ,33,False,0 days 04:23:42.000000000
C2                            ,33,True,0 days 08:25:06.000000000
C2                            ,34,False,0 days 00:54:19.000000000
C2                            ,34,True,0 days 12:03:04.000000000
C2                            ,35,False,0 days 02:31:34.000000000
C2                            ,35,True,0 days 11:11:44.000000000
C2                            ,36,False,0 days 04:53:21.000000000
C2                            ,36,True,0 days 07:43:16.000000000
C2                            ,37,False,0 days 03:13:46.000000000
C2                            ,37,True,0 days 10:20:41.000000000
C2                            ,38,False,0 days 01:58:34.000000000
C2                            ,38,True,0 days 10:32:57.000000000
C2                            ,39,False,0 days 02:12:21.000000000
C2                            ,39,True,0 days 09:29:47.000000000
C2                            ,40,False,0 days 02:09:27.000000000
C2                            ,40,True,0 days 09:36:38.000000000
C2                            ,41,False,0 days 01:22:44.000000000
C2                            ,41,True,0 days 01:40:50.000000000
C2                            ,42,False,0 days 07:32:14.000000000
C2                            ,42,True,0 days 05:26:32.000000000
C2                            ,43,False,0 days 07:27:29.000000000
C2                            ,43,True,0 days 03:50:52.000000000
C2                            ,44,False,0 days 09:28:43.000000000
C2                            ,44,True,0 days 03:19:14.000000000
C2                            ,45,False,0 days 08:55:16.000000000
C2                            ,45,True,0 days 03:47:21.000000000
C2                            ,46,False,0 days 05:33:17.000000000
C2                            ,46,True,0 days 06:03:50.000000000
C2                            ,47,False,0 days 06:08:32.000000000
C2                            ,47,True,0 days 05:07:50.000000000
C2                            ,48,False,0 days 02:13:00.000000000
C2                            ,48,True,0 days 10:48:37.000000000
C2                            ,49,False,0 days 02:33:31.000000000
C2                            ,49,True,0 days 08:58:55.000000000
C2                            ,50,False,0 days 00:15:05.000000000
C2                            ,50,True,0 days 11:39:47.000000000
C2                            ,51,False,0 days 02:39:45.000000000
C2                            ,51,True,0 days 09:20:09.000000000
C2                            ,52,False,0 days 01:14:06.000000000
C2                            ,52,True,0 days 10:44:33.000000000
C2                            ,53,False,0 days 00:44:12.000000000
C2                            ,53,True,0 days 12:54:08.000000000
C2                            ,54,False,0 days 01:58:55.000000000
C2                            ,54,True,0 days 10:13:11.000000000
C2                            ,55,False,0 days 00:22:12.000000000
C2                            ,55,True,0 days 13:12:18.000000000
C2                            ,56,False,0 days 02:21:06.000000000
C2                            ,56,True,0 days 09:49:03.000000000
C2                            ,57,False,0 days 01:13:56.000000000
C2                            ,57,True,0 days 10:59:05.000000000
C2                            ,58,False,0 days 02:59:28.000000000
C2                            ,58,True,0 days 10:54:18.000000000
C2                            ,59,False,0 days 00:56:51.000000000
C2                            ,59,True,0 days 11:10:08.000000000
C2                            ,60,False,0 days 00:34:55.000000000
C2                            ,60,True,0 days 12:16:38.000000000
C2                            ,61,False,0 days 00:37:58.000000000
C2                            ,61,True,0 days 11:52:34.000000000
C2                            ,62,False,0 days 01:58:20.000000000
C2                            ,62,True,0 days 11:31:13.000000000
C2                            ,63,False,0 days 05:28:02.000000000
C2                            ,63,True,0 days 06:10:31.000000000
C2                            ,64,False,0 days 04:14:40.000000000
C2                            ,64,True,0 days 08:44:04.000000000
D1                            ,1,False,0 days 00:57:50.000000000
D1                            ,1,True,0 days 09:31:41.000000000
D1                            ,2,False,0 days 01:03:33.000000000
D1                            ,2,True,0 days 12:06:41.000000000
D1                            ,3,False,0 days 02:11:26.000000000
D1                            ,3,True,0 days 09:57:29.000000000
D1                            ,4,False,0 days 01:05:17.000000000
D1                            ,4,True,0 days 12:02:11.000000000
D1                            ,5,False,0 days 01:48:45.000000000
D1                            ,5,True,0 days 11:24:18.000000000
D1                            ,6,False,0 days 04:10:52.000000000
D1                            ,6,True,0 days 09:39:58.000000000
D1                            ,7,False,0 days 01:59:40.000000000
D1                            ,7,True,0 days 10:50:10.000000000
D1                            ,8,False,0 days 01:21:42.000000000
D1                            ,8,True,0 days 11:08:52.000000000
D1                            ,9,False,0 days 01:21:09.000000000
D1                            ,9,True,0 days 11:10:46.000000000
D1                            ,10,False,0 days 03:03:02.000000000
D1                            ,10,True,0 days 10:51:28.000000000
D1                            ,11,False,0 days 01:42:25.000000000
D1                            ,11,True,0 days 11:49:06.000000000
D1                            ,12,False,0 days 00:52:36.000000000
D1                            ,12,True,0 days 12:08:06.000000000
D1                            ,13,False,0 days 02:07:21.000000000
D1                            ,13,True,0 days 11:21:52.000000000
D1                            ,14,False,0 days 04:53:38.000000000
D1                            ,14,True,0 days 06:17:54.000000000
D1                            ,15,False,0 days 00:20:59.000000000
D1                            ,15,True,0 days 12:52:15.000000000
D1                            ,16,False,0 days 00:36:56.000000000
D1                            ,16,True,0 days 10:13:29.000000000
D1                            ,17,False,0 days 01:11:15.000000000
D1                            ,17,True,0 days 11:03:47.000000000
D1                            ,18,False,0 days 01:45:10.000000000
D1                            ,18,True,0 days 11:05:22.000000000
D1                            ,19,False,0 days 08:39:50.000000000
D1                            ,19,True,0 days 04:53:56.000000000
D1                            ,20,False,0 days 01:44:08.000000000
D1                            ,20,True,0 days 11:24:37.000000000
D1                            ,21,False,0 days 01:41:32.000000000
D1                            ,21,True,0 days 11:03:56.000000000
D1                            ,22,False,0 days 06:47:27.000000000
D1                            ,22,True,0 days 05:03:58.000000000
D1                            ,23,False,0 days 04:32:59.000000000
D1                            ,23,True,0 days 07:14:41.000000000
D1                            ,24,False,0 days 03:25:25.000000000
D1                            ,24,True,0 days 07:23:31.000000000
D1                            ,25,False,0 days 04:39:07.000000000
D1                            ,25,True,0 days 07:12:55.000000000
D1                            ,26,False,0 days 03:38:59.000000000
D1                            ,26,True,0 days 08:14:56.000000000
D1                            ,27,False,0 days 03:37:04.000000000
D1                            ,27,True,0 days 08:04:14.000000000
D1                            ,28,False,0 days 04:14:27.000000000
D1                            ,28,True,0 days 07:29:57.000000000
D1                            ,29,False,0 days 04:01:48.000000000
D1                            ,29,True,0 days 07:42:17.000000000
D1                            ,30,False,0 days 03:20:30.000000000
D1                            ,30,True,0 days 07:49:44.000000000
D1                            ,31,False,0 days 03:52:41.000000000
D1                            ,31,True,0 days 07:48:48.000000000
D1                            ,32,False,0 days 05:13:46.000000000
D1                            ,32,True,0 days 06:29:21.000000000
D2                            ,33,False,0 days 00:29:39.000000000
D2                            ,33,True,0 days 11:16:32.000000000
D2                            ,34,False,0 days 01:10:16.000000000
D2                            ,34,True,0 days 11:05:30.000000000
D2                            ,35,False,0 days 03:01:00.000000000
D2                            ,35,True,0 days 10:40:24.000000000
D2                            ,36,False,0 days 01:22:41.000000000
D2                            ,36,True,0 days 11:30:48.000000000
D2                            ,37,False,0 days 02:18:54.000000000
D2                            ,37,True,0 days 11:27:10.000000000
D2                            ,38,False,0 days 01:54:01.000000000
D2                            ,38,True,0 days 11:24:04.000000000
D2                            ,39,False,0 days 02:11:41.000000000
D2                            ,39,True,0 days 11:13:04.000000000
D2                            ,40,False,0 days 05:52:38.000000000
D2                            ,40,True,0 days 06:04:33.000000000
D2                            ,41,False,0 days 06:18:36.000000000
D2                            ,41,True,0 days 07:09:28.000000000
D2                            ,42,False,0 days 03:06:44.000000000
D2                            ,42,True,0 days 09:14:40.000000000
D2                            ,43,False,0 days 01:08:40.000000000
D2                            ,43,True,0 days 11:45:09.000000000
D2                            ,44,False,0 days 02:56:02.000000000
D2                            ,44,True,0 days 09:36:46.000000000
D2                            ,45,False,0 days 00:59:51.000000000
D2                            ,45,True,0 days 11:00:08.000000000
D2                            ,46,False,0 days 01:45:40.000000000
D2                            ,46,True,0 days 11:51:29.000000000
D2                            ,47,False,0 days 01:44:28.000000000
D2                            ,47,True,0 days 11:34:38.000000000
D2                            ,48,False,0 days 01:29:51.000000000
D2                            ,48,True,0 days 12:26:17.000000000
D2                            ,49,False,0 days 00:48:07.000000000
D2                            ,49,True,0 days 10:59:54.000000000
D2                            ,50,False,0 days 02:32:50.000000000
D2                            ,50,True,0 days 10:04:27.000000000
D2                            ,51,False,0 days 00:27:20.000000000
D2                            ,51,True,0 days 05:14:59.000000000
D2                            ,52,False,0 days 01:17:02.000000000
D2                            ,52,True,0 days 10:22:38.000000000
D2                            ,53,False,0 days 00:32:12.000000000
D2                            ,53,True,0 days 10:50:52.000000000
D2                            ,54,False,0 days 03:35:10.000000000
D2                            ,54,True,0 days 07:14:15.000000000
D2                            ,55,False,0 days 04:03:48.000000000
D2                            ,55,True,0 days 07:45:40.000000000
D2                            ,56,False,0 days 05:30:55.000000000
D2                            ,56,True,0 days 06:16:55.000000000
D2                            ,57,False,0 days 03:18:46.000000000
D2                            ,57,True,0 days 07:30:06.000000000
D2                            ,58,False,0 days 05:02:50.000000000
D2                            ,58,True,0 days 06:34:55.000000000
D2                            ,59,False,0 days 03:50:28.000000000
D2                            ,59,True,0 days 07:50:15.000000000
D2                            ,60,False,0 days 03:27:52.000000000
D2                            ,60,True,0 days 08:11:43.000000000
D2                            ,61,False,0 days 03:41:44.000000000
D2                            ,61,True,0 days 07:57:31.000000000
D2                            ,62,False,0 days 03:30:38.000000000
D2                            ,62,True,0 days 07:43:40.000000000
D2                            ,63,False,0 days 03:32:40.000000000
D2                            ,63,True,0 days 07:59:55.000000000
D2                            ,64,False,0 days 03:55:44.000000000
D2                            ,64,True,0 days 08:03:22.000000000
E1                            ,1,False,0 days 05:23:35.000000000
E1                            ,1,True,0 days 08:23:00.000000000
E1                            ,2,False,0 days 04:10:35.000000000
E1                            ,2,True,0 days 08:22:18.000000000
E1                            ,3,False,0 days 03:53:59.000000000
E1                            ,3,True,0 days 08:47:41.000000000
E1                            ,4,False,0 days 05:52:12.000000000
E1                            ,4,True,0 days 07:23:23.000000000
E1                            ,5,False,0 days 03:17:40.000000000
E1                            ,5,True,0 days 08:58:51.000000000
E1                            ,6,False,0 days 04:39:01.000000000
E1                            ,6,True,0 days 08:52:16.000000000
E1                            ,7,False,0 days 04:44:40.000000000
E1                            ,7,True,0 days 07:50:58.000000000
E1                            ,8,False,0 days 03:48:06.000000000
E1                            ,8,True,0 days 08:53:07.000000000
E1                            ,9,False,0 days 01:11:52.000000000
E1                            ,9,True,0 days 11:08:56.000000000
E1                            ,10,False,0 days 00:25:46.000000000
E1                            ,10,True,0 days 13:23:21.000000000
E1                            ,11,False,0 days 00:40:09.000000000
E1                            ,11,True,0 days 11:53:52.000000000
E1                            ,12,False,0 days 00:46:47.000000000
E1                            ,12,True,0 days 11:44:21.000000000
E1                            ,13,False,0 days 00:59:16.000000000
E1                            ,13,True,0 days 11:40:08.000000000
E1                            ,14,False,0 days 02:00:10.000000000
E1                            ,14,True,0 days 10:33:32.000000000
E1                            ,15,False,0 days 00:36:06.000000000
E1                            ,15,True,0 days 11:30:34.000000000
E1                            ,16,False,0 days 01:10:16.000000000
E1                            ,16,True,0 days 12:01:58.000000000
E1                            ,17,False,0 days 00:31:04.000000000
E1                            ,17,True,0 days 12:33:53.000000000
E1                            ,18,False,0 days 09:18:38.000000000
E1                            ,18,True,0 days 02:50:11.000000000
E1                            ,19,False,0 days 00:40:20.000000000
E1                            ,19,True,0 days 10:13:32.000000000
E1                            ,20,False,0 days 03:56:29.000000000
E1                            ,20,True,0 days 08:49:44.000000000
E1                            ,21,False,0 days 01:12:32.000000000
E1                            ,21,True,0 days 11:24:16.000000000
E1                            ,22,False,0 days 00:51:04.000000000
E1                            ,22,True,0 days 12:30:52.000000000
E1                            ,23,False,0 days 00:04:08.000000000
E1                            ,23,True,0 days 10:43:59.000000000
E1                            ,24,False,0 days 01:02:44.000000000
E1                            ,24,True,0 days 11:26:31.000000000
E1                            ,25,False,0 days 03:04:14.000000000
E1                            ,25,True,0 days 09:37:08.000000000
E1                            ,26,False,0 days 00:15:17.000000000
E1                            ,26,True,0 days 11:44:31.000000000
E1                            ,27,False,0 days 01:36:58.000000000
E1                            ,27,True,0 days 11:59:48.000000000
E1                            ,28,False,0 days 00:18:10.000000000
E1                            ,28,True,0 days 11:20:42.000000000
E1                            ,29,False,0 days 01:54:07.000000000
E1                            ,29,True,0 days 09:25:45.000000000
E1                            ,30,False,0 days 00:01:52.000000000
E1                            ,30,True,0 days 10:46:34.000000000
E1                            ,31,False,0 days 00:05:16.000000000
E1                            ,31,True,0 days 10:43:12.000000000
E1                            ,32,False,0 days 03:18:29.000000000
E1                            ,32,True,0 days 07:49:03.000000000
E2                            ,33,False,0 days 03:07:55.000000000
E2                            ,33,True,0 days 10:43:14.000000000
E2                            ,34,False,0 days 03:42:07.000000000
E2                            ,34,True,0 days 08:15:25.000000000
E2                            ,35,False,0 days 00:20:22.000000000
E2                            ,35,True,0 days 10:30:45.000000000
E2                            ,36,False,0 days 03:24:13.000000000
E2                            ,36,True,0 days 09:13:58.000000000
E2                            ,37,False,0 days 03:24:11.000000000
E2                            ,37,True,0 days 07:26:34.000000000
E2                            ,38,False,0 days 04:09:11.000000000
E2                            ,38,True,0 days 09:31:46.000000000
E2                            ,39,False,0 days 03:20:59.000000000
E2                            ,39,True,0 days 08:40:22.000000000
E2                            ,40,False,0 days 01:15:44.000000000
E2                            ,40,True,0 days 10:24:27.000000000
E2                            ,41,False,0 days 02:38:32.000000000
E2                            ,41,True,0 days 10:36:26.000000000
E2                            ,42,False,0 days 00:34:46.000000000
E2                            ,42,True,0 days 12:33:24.000000000
E2                            ,43,False,0 days 02:54:04.000000000
E2                            ,43,True,0 days 10:16:06.000000000
E2                            ,44,False,0 days 00:56:52.000000000
E2                            ,44,True,0 days 11:11:11.000000000
E2                            ,45,False,0 days 02:03:15.000000000
E2                            ,45,True,0 days 11:36:10.000000000
E2                            ,46,False,0 days 02:30:27.000000000
E2                            ,46,True,0 days 09:18:48.000000000
E2                            ,47,False,0 days 00:27:47.000000000
E2                            ,47,True,0 days 11:34:38.000000000
E2                            ,48,False,0 days 01:24:48.000000000
E2                            ,48,True,0 days 12:11:29.000000000
E2                            ,49,False,0 days 02:24:04.000000000
E2                            ,49,True,0 days 09:18:53.000000000
E2                            ,50,False,0 days 00:30:33.000000000
E2                            ,50,True,0 days 11:58:00.000000000
E2                            ,51,False,0 days 00:56:35.000000000
E2                            ,51,True,0 days 10:53:08.000000000
E2                            ,52,False,0 days 01:52:01.000000000
E2                            ,52,True,0 days 10:47:30.000000000
E2                            ,53,False,0 days 02:46:12.000000000
E2                            ,53,True,0 days 10:50:16.000000000
E2                            ,54,False,0 days 05:52:10.000000000
E2                            ,54,True,0 days 06:54:20.000000000
E2                            ,55,False,0 days 01:14:56.000000000
E2                            ,55,True,0 days 11:10:14.000000000
E2                            ,56,False,0 days 01:46:10.000000000
E2                            ,56,True,0 days 10:53:57.000000000
E2                            ,57,False,0 days 00:32:19.000000000
E2                            ,57,True,0 days 11:04:27.000000000
E2                            ,58,False,0 days 02:31:38.000000000
E2                            ,58,True,0 days 11:04:33.000000000
E2                            ,60,False,0 days 01:23:07.000000000
E2                            ,60,True,0 days 09:56:24.000000000
E2                            ,61,False,0 days 00:49:28.000000000
E2                            ,61,True,0 days 12:00:50.000000000
E2                            ,62,False,0 days 00:40:07.000000000
E2                            ,62,True,0 days 10:08:19.000000000
E2                            ,63,False,0 days 01:27:18.000000000
E2                            ,63,True,0 days 11:14:39.000000000
E2                            ,64,False,0 days 00:08:11.000000000
E2                            ,64,True,0 days 11:39:17.000000000
F1                            ,1,False,0 days 10:46:29.000000000
F1                            ,3,False,0 days 02:30:49.000000000
F1                            ,3,True,0 days 11:13:24.000000000
F1                            ,4,False,0 days 01:04:15.000000000
F1                            ,4,True,0 days 11:44:51.000000000
F1                            ,5,False,0 days 01:48:24.000000000
F1                            ,5,True,0 days 11:35:03.000000000
F1                            ,6,False,0 days 00:21:34.000000000
F1                            ,6,True,0 days 13:07:36.000000000
F1                            ,7,False,0 days 00:46:04.000000000
F1                            ,7,True,0 days 12:02:23.000000000
F1                            ,8,False,0 days 06:50:30.000000000
F1                            ,8,True,0 days 06:39:36.000000000
F1                            ,9,False,0 days 01:11:33.000000000
F1                            ,9,True,0 days 11:14:51.000000000
F1                            ,10,False,0 days 01:29:37.000000000
F1                            ,10,True,0 days 12:22:53.000000000
F1                            ,11,False,0 days 02:50:55.000000000
F1                            ,11,True,0 days 09:04:36.000000000
F1                            ,12,False,0 days 01:06:48.000000000
F1                            ,12,True,0 days 10:02:54.000000000
F1                            ,13,False,0 days 02:03:10.000000000
F1                            ,13,True,0 days 11:32:35.000000000
F1                            ,14,False,0 days 01:33:57.000000000
F1                            ,14,True,0 days 11:16:34.000000000
F1                            ,15,False,0 days 03:57:13.000000000
F1                            ,15,True,0 days 07:11:57.000000000
F1                            ,16,False,0 days 02:00:36.000000000
F1                            ,16,True,0 days 11:25:11.000000000
F1                            ,17,False,0 days 00:54:15.000000000
F1                            ,17,True,0 days 11:04:09.000000000
F1                            ,25,False,0 days 01:23:17.000000000
F1                            ,25,True,0 days 12:22:02.000000000
F1                            ,26,False,0 days 03:50:58.000000000
F1                            ,26,True,0 days 09:52:09.000000000
F1                            ,27,False,0 days 05:40:05.000000000
F1                            ,27,True,0 days 07:59:16.000000000
F2                            ,33,False,0 days 10:48:29.000000000
F2                            ,34,False,0 days 00:14:39.000000000
F2                            ,34,True,0 days 11:31:44.000000000
F2                            ,35,False,0 days 05:54:39.000000000
F2                            ,35,True,0 days 07:18:29.000000000
F2                            ,36,False,0 days 02:01:15.000000000
F2                            ,36,True,0 days 11:26:10.000000000
F2                            ,37,False,0 days 02:46:52.000000000
F2                            ,37,True,0 days 10:52:50.000000000
F2                            ,38,False,0 days 00:22:42.000000000
F2                            ,38,True,0 days 12:34:44.000000000
F2                            ,39,False,0 days 00:16:57.000000000
F2                            ,39,True,0 days 11:30:48.000000000
F2                            ,40,False,0 days 02:34:11.000000000
F2                            ,40,True,0 days 09:51:26.000000000
F2                            ,41,False,0 days 00:27:52.000000000
F2                            ,41,True,0 days 10:50:25.000000000
F2                            ,42,False,0 days 02:05:02.000000000
F2                            ,42,True,0 days 10:42:36.000000000
F2                            ,43,False,0 days 03:02:17.000000000
F2                            ,43,True,0 days 08:42:13.000000000
F2                            ,44,False,0 days 00:58:57.000000000
F2                            ,44,True,0 days 12:18:23.000000000
F2                            ,45,False,0 days 00:56:56.000000000
F2                            ,45,True,0 days 11:52:50.000000000
F2                            ,46,False,0 days 01:35:25.000000000
F2                            ,46,True,0 days 09:35:17.000000000
F2                            ,47,False,0 days 03:53:33.000000000
F2                            ,47,True,0 days 09:23:28.000000000
F2                            ,48,False,0 days 04:33:45.000000000
F2                            ,48,True,0 days 09:09:40.000000000
F2                            ,49,False,0 days 05:44:14.000000000
F2                            ,49,True,0 days 07:56:14.000000000
F2                            ,50,False,0 days 02:24:50.000000000
F2                            ,50,True,0 days 11:30:42.000000000
F2                            ,54,False,0 days 01:05:47.000000000
F2                            ,54,True,0 days 12:11:50.000000000
F2                            ,55,False,0 days 01:49:58.000000000
F2                            ,55,True,0 days 11:13:53.000000000
F2                            ,56,False,0 days 01:08:14.000000000
F2                            ,56,True,0 days 11:02:29.000000000
F2                            ,57,False,0 days 03:22:53.000000000
F2                            ,57,True,0 days 09:51:49.000000000
F2                            ,58,False,0 days 02:55:03.000000000
F2                            ,58,True,0 days 09:27:33.000000000
F2                            ,59,False,0 days 03:20:23.000000000
F2                            ,59,True,0 days 10:36:06.000000000
G1                            ,2,False,0 days 09:14:57.000000000
G1                            ,2,True,0 days 01:46:06.000000000
G1                            ,3,False,0 days 07:03:01.000000000
G1                            ,3,True,0 days 04:01:17.000000000
G1                            ,4,False,0 days 07:31:22.000000000
G1                            ,4,True,0 days 04:26:05.000000000
G1                            ,5,False,0 days 08:59:26.000000000
G1                            ,5,True,0 days 03:23:17.000000000
G1                            ,7,False,0 days 09:55:09.000000000
G1                            ,7,True,0 days 03:26:38.000000000
G1                            ,8,False,0 days 01:54:21.000000000
G1                            ,8,True,0 days 11:48:18.000000000
G1                            ,18,False,0 days 02:26:31.000000000
G1                            ,18,True,0 days 10:48:36.000000000
G1                            ,19,False,0 days 00:33:38.000000000
G1                            ,19,True,0 days 13:10:03.000000000
G1                            ,20,False,0 days 01:00:28.000000000
G1                            ,20,True,0 days 12:55:24.000000000
G1                            ,21,False,0 days 00:34:49.000000000
G1                            ,21,True,0 days 09:49:16.000000000
G1                            ,22,False,0 days 01:52:22.000000000
G1                            ,22,True,0 days 11:30:09.000000000
G1                            ,23,False,0 days 01:29:15.000000000
G1                            ,23,True,0 days 11:35:38.000000000
G1                            ,24,False,0 days 01:02:48.000000000
G1                            ,24,True,0 days 03:57:28.000000000
G1                            ,26,False,0 days 02:04:54.000000000
G1                            ,26,True,0 days 11:14:27.000000000
G1                            ,27,False,0 days 00:31:51.000000000
G1                            ,27,True,0 days 12:54:29.000000000
G1                            ,28,False,0 days 00:20:53.000000000
G1                            ,28,True,0 days 09:00:36.000000000
G1                            ,29,False,0 days 00:30:09.000000000
G1                            ,29,True,0 days 13:10:01.000000000
G1                            ,30,False,0 days 00:49:19.000000000
G1                            ,30,True,0 days 12:49:38.000000000
G1                            ,31,False,0 days 00:22:28.000000000
G1                            ,31,True,0 days 10:31:23.000000000
G1                            ,32,False,0 days 02:03:40.000000000
G1                            ,32,True,0 days 11:11:10.000000000
G2                            ,34,False,0 days 07:15:55.000000000
G2                            ,34,True,0 days 03:45:08.000000000
G2                            ,35,False,0 days 07:28:38.000000000
G2                            ,35,True,0 days 03:31:14.000000000
G2                            ,49,False,0 days 00:20:09.000000000
G2                            ,49,True,0 days 12:46:29.000000000
G2                            ,50,False,0 days 00:33:17.000000000
G2                            ,50,True,0 days 09:40:08.000000000
G2                            ,51,False,0 days 01:10:31.000000000
G2                            ,51,True,0 days 11:44:29.000000000
G2                            ,52,False,0 days 00:39:52.000000000
G2                            ,52,True,0 days 12:23:59.000000000
G2                            ,53,False,0 days 01:23:53.000000000
G2                            ,53,True,0 days 08:49:00.000000000
G2                            ,54,False,0 days 05:25:12.000000000
G2                            ,54,True,0 days 08:09:18.000000000
G2                            ,55,False,0 days 00:28:43.000000000
G2                            ,55,True,0 days 08:22:29.000000000
G2                            ,56,False,0 days 00:21:39.000000000
G2                            ,56,True,0 days 09:06:04.000000000
G2                            ,57,False,0 days 01:19:31.000000000
G2                            ,57,True,0 days 12:28:28.000000000
G2                            ,58,False,0 days 00:15:22.000000000
G2                            ,58,True,0 days 09:34:43.000000000
G2                            ,59,False,0 days 00:59:23.000000000
G2                            ,59,True,0 days 10:48:11.000000000
G2                            ,60,False,0 days 00:57:33.000000000
G2                            ,60,True,0 days 10:53:05.000000000
G2                            ,61,False,0 days 01:32:55.000000000
G2                            ,61,True,0 days 10:18:28.000000000
G2                            ,62,False,0 days 01:03:20.000000000
G2                            ,62,True,0 days 04:37:03.000000000
G2                            ,63,False,0 days 00:37:00.000000000
G2                            ,63,True,0 days 08:48:36.000000000
G2                            ,64,False,0 days 00:42:59.000000000
G2                            ,64,True,0 days 11:08:28.000000000
H1                            ,1,False,0 days 00:51:31.000000000
H1                            ,1,True,0 days 11:30:25.000000000
H1                            ,2,False,0 days 00:38:48.000000000
H1                            ,2,True,0 days 10:33:12.000000000
H1                            ,3,False,0 days 00:40:17.000000000
H1                            ,3,True,0 days 09:46:38.000000000
H1                            ,4,False,0 days 00:26:07.000000000
H1                            ,4,True,0 days 10:53:20.000000000
H1                            ,5,False,0 days 01:09:04.000000000
H1                            ,5,True,0 days 12:35:55.000000000
H1                            ,6,False,0 days 02:11:28.000000000
H1                            ,6,True,0 days 11:23:13.000000000
H1                            ,7,False,0 days 04:48:10.000000000
H1                            ,7,True,0 days 05:52:11.000000000
H1                            ,8,False,0 days 00:13:05.000000000
H1                            ,8,True,0 days 10:37:16.000000000
H1                            ,9,False,0 days 03:29:28.000000000
H1                            ,9,True,0 days 08:58:14.000000000
H1                            ,10,False,0 days 01:06:59.000000000
H1                            ,10,True,0 days 09:01:20.000000000
H1                            ,11,False,0 days 00:24:42.000000000
H1                            ,11,True,0 days 07:47:13.000000000
H1                            ,12,False,0 days 00:22:36.000000000
H1                            ,12,True,0 days 07:55:02.000000000
H1                            ,13,False,0 days 02:31:40.000000000
H1                            ,13,True,0 days 10:21:33.000000000
H1                            ,14,False,0 days 00:18:19.000000000
H1                            ,14,True,0 days 11:40:55.000000000
H1                            ,15,False,0 days 01:01:31.000000000
H1                            ,15,True,0 days 10:34:13.000000000
H1                            ,16,False,0 days 02:26:30.000000000
H1                            ,16,True,0 days 08:27:09.000000000
H1                            ,17,False,0 days 01:55:54.000000000
H1                            ,17,True,0 days 09:45:38.000000000
H1                            ,19,False,0 days 00:22:21.000000000
H1                            ,19,True,0 days 10:35:19.000000000
H1                            ,20,False,0 days 00:36:00.000000000
H1                            ,20,True,0 days 09:44:16.000000000
H1                            ,21,False,0 days 00:02:37.000000000
H1                            ,21,True,0 days 05:38:30.000000000
H1                            ,22,False,0 days 01:05:52.000000000
H1                            ,22,True,0 days 10:54:34.000000000
H1                            ,23,False,0 days 01:15:53.000000000
H1                            ,23,True,0 days 08:08:46.000000000
H1                            ,24,False,0 days 00:53:19.000000000
H1                            ,24,True,0 days 12:40:03.000000000
H1                            ,25,False,0 days 05:36:46.000000000
H1                            ,25,True,0 days 07:09:39.000000000
H1                            ,26,False,0 days 00:38:56.000000000
H1                            ,26,True,0 days 11:55:22.000000000
H1                            ,27,False,0 days 00:25:04.000000000
H1                            ,27,True,0 days 09:38:38.000000000
H1                            ,28,False,0 days 00:06:03.000000000
H1                            ,28,True,0 days 09:07:47.000000000
H1                            ,29,False,0 days 00:18:35.000000000
H1                            ,29,True,0 days 11:56:14.000000000
H1                            ,30,False,0 days 00:22:01.000000000
H1                            ,30,True,0 days 10:39:23.000000000
H1                            ,31,False,0 days 00:27:30.000000000
H1                            ,31,True,0 days 11:32:32.000000000
H1                            ,32,False,0 days 00:11:47.000000000
H1                            ,32,True,0 days 10:03:13.000000000
H2                            ,33,False,0 days 01:21:35.000000000
H2                            ,33,True,0 days 12:00:37.000000000
H2                            ,34,False,0 days 00:56:40.000000000
H2                            ,34,True,0 days 10:32:30.000000000
H2                            ,35,False,0 days 00:05:28.000000000
H2                            ,35,True,0 days 04:43:15.000000000
H2                            ,36,False,0 days 00:43:25.000000000
H2                            ,36,True,0 days 11:15:20.000000000
H2                            ,37,False,0 days 02:06:57.000000000
H2                            ,37,True,0 days 11:38:46.000000000
H2                            ,38,False,0 days 01:15:46.000000000
H2                            ,38,True,0 days 12:07:57.000000000
H2                            ,39,False,0 days 00:56:01.000000000
H2                            ,39,True,0 days 10:54:05.000000000
H2                            ,40,False,0 days 00:27:01.000000000
H2                            ,40,True,0 days 10:55:22.000000000
H2                            ,41,False,0 days 00:51:48.000000000
H2                            ,41,True,0 days 12:21:43.000000000
H2                            ,42,False,0 days 01:31:54.000000000
H2                            ,42,True,0 days 11:43:55.000000000
H2                            ,43,False,0 days 00:31:11.000000000
H2                            ,43,True,0 days 11:33:09.000000000
H2                            ,44,False,0 days 04:03:50.000000000
H2                            ,44,True,0 days 09:18:52.000000000
H2                            ,45,False,0 days 00:58:39.000000000
H2                            ,45,True,0 days 07:38:42.000000000
H2                            ,46,False,0 days 05:23:23.000000000
H2                            ,46,True,0 days 07:19:33.000000000
H2                            ,47,False,0 days 00:08:23.000000000
H2                            ,47,True,0 days 11:32:45.000000000
H2                            ,48,False,0 days 02:34:00.000000000
H2                            ,48,True,0 days 09:26:18.000000000
H2                            ,49,False,0 days 00:23:50.000000000
H2                            ,49,True,0 days 11:44:47.000000000
H2                            ,50,False,0 days 00:24:51.000000000
H2                            ,50,True,0 days 08:29:15.000000000
H2                            ,51,False,0 days 01:22:36.000000000
H2                            ,51,True,0 days 04:54:56.000000000
H2                            ,52,False,0 days 00:29:59.000000000
H2                            ,52,True,0 days 12:02:08.000000000
H2                            ,53,False,0 days 00:41:37.000000000
H2                            ,53,True,0 days 12:43:40.000000000
H2                            ,54,False,0 days 01:07:06.000000000
H2                            ,54,True,0 days 10:05:28.000000000
H2                            ,55,False,0 days 00:22:59.000000000
H2                            ,55,True,0 days 11:36:05.000000000
H2                            ,56,False,0 days 00:19:01.000000000
H2                            ,56,True,0 days 07:40:27.000000000
H2                            ,57,False,0 days 00:50:08.000000000
H2                            ,57,True,0 days 12:50:45.000000000
H2                            ,58,False,0 days 00:57:33.000000000
H2                            ,58,True,0 days 11:02:55.000000000
H2                            ,59,False,0 days 00:33:27.000000000
H2                            ,59,True,0 days 11:21:20.000000000
H2                            ,60,False,0 days 00:08:30.000000000
H2                            ,60,True,0 days 09:51:15.000000000
H2                            ,61,False,0 days 03:42:22.000000000
H2                            ,61,True,0 days 09:43:38.000000000
H2                            ,62,False,0 days 00:24:57.000000000
H2                            ,62,True,0 days 11:42:53.000000000
H2                            ,63,False,0 days 00:32:36.000000000
H2                            ,63,True,0 days 13:14:12.000000000
H2                            ,64,False,0 days 01:22:39.000000000
H2                            ,64,True,0 days 10:26:28.000000000
I1                            ,1,False,0 days 00:27:03.000000000
I1                            ,1,True,0 days 11:56:07.000000000
I1                            ,2,False,0 days 02:28:47.000000000
I1                            ,2,True,0 days 11:03:58.000000000
I1                            ,3,False,0 days 00:08:01.000000000
I1                            ,3,True,0 days 13:01:49.000000000
I1                            ,4,False,0 days 00:46:48.000000000
I1                            ,4,True,0 days 11:13:27.000000000
I1                            ,5,False,0 days 01:19:09.000000000
I1                            ,5,True,0 days 11:58:10.000000000
I1                            ,6,False,0 days 03:37:37.000000000
I1                            ,6,True,0 days 08:31:42.000000000
I1                            ,7,False,0 days 08:14:13.000000000
I1                            ,7,True,0 days 05:35:38.000000000
I1                            ,8,False,0 days 02:13:34.000000000
I1                            ,8,True,0 days 10:36:23.000000000
I1                            ,9,False,0 days 01:08:38.000000000
I1                            ,9,True,0 days 12:11:31.000000000
I1                            ,10,False,0 days 00:19:22.000000000
I1                            ,10,True,0 days 12:09:44.000000000
I1                            ,11,False,0 days 02:52:33.000000000
I1                            ,11,True,0 days 10:52:08.000000000
I1                            ,12,False,0 days 01:28:37.000000000
I1                            ,12,True,0 days 12:07:55.000000000
I1                            ,13,False,0 days 02:03:10.000000000
I1                            ,13,True,0 days 11:12:27.000000000
I1                            ,14,False,0 days 00:47:23.000000000
I1                            ,14,True,0 days 12:22:00.000000000
I1                            ,15,False,0 days 00:37:43.000000000
I1                            ,15,True,0 days 11:49:26.000000000
I1                            ,16,False,0 days 01:20:53.000000000
I1                            ,16,True,0 days 12:35:07.000000000
I1                            ,17,False,0 days 00:32:54.000000000
I1                            ,17,True,0 days 13:10:21.000000000
I1                            ,18,False,0 days 00:29:07.000000000
I1                            ,18,True,0 days 12:32:48.000000000
I1                            ,19,False,0 days 01:57:50.000000000
I1                            ,19,True,0 days 11:04:30.000000000
I1                            ,20,False,0 days 00:33:32.000000000
I1                            ,20,True,0 days 12:00:46.000000000
I1                            ,21,False,0 days 02:34:58.000000000
I1                            ,21,True,0 days 09:40:32.000000000
I1                            ,22,False,0 days 01:18:31.000000000
I1                            ,22,True,0 days 12:22:04.000000000
I1                            ,23,False,0 days 04:27:34.000000000
I1                            ,23,True,0 days 04:55:50.000000000
I1                            ,24,False,0 days 02:33:35.000000000
I1                            ,24,True,0 days 11:04:26.000000000
I1                            ,25,False,0 days 00:17:30.000000000
I1                            ,25,True,0 days 09:29:16.000000000
I1                            ,26,False,0 days 00:35:47.000000000
I1                            ,26,True,0 days 09:38:10.000000000
I1                            ,27,False,0 days 02:42:41.000000000
I1                            ,27,True,0 days 10:16:44.000000000
I1                            ,28,False,0 days 00:49:36.000000000
I1                            ,28,True,0 days 12:04:48.000000000
I1                            ,29,False,0 days 00:39:28.000000000
I1                            ,29,True,0 days 11:41:19.000000000
I1                            ,30,False,0 days 01:26:32.000000000
I1                            ,30,True,0 days 10:27:51.000000000
I1                            ,31,False,0 days 00:25:27.000000000
I1                            ,31,True,0 days 12:20:21.000000000
I2                            ,33,False,0 days 00:37:29.000000000
I2                            ,33,True,0 days 12:28:56.000000000
I2                            ,34,False,0 days 01:05:08.000000000
I2                            ,34,True,0 days 11:39:24.000000000
I2                            ,35,False,0 days 00:15:00.000000000
I2                            ,35,True,0 days 06:40:53.000000000
I2                            ,36,False,0 days 02:32:21.000000000
I2                            ,36,True,0 days 10:22:19.000000000
I2                            ,37,False,0 days 00:51:18.000000000
I2                            ,37,True,0 days 13:05:07.000000000
I2                            ,38,False,0 days 00:11:46.000000000
I2                            ,38,True,0 days 11:25:02.000000000
I2                            ,39,False,0 days 00:41:17.000000000
I2                            ,39,True,0 days 09:58:02.000000000
I2                            ,40,False,0 days 01:05:49.000000000
I2                            ,40,True,0 days 12:32:07.000000000
I2                            ,41,False,0 days 00:47:27.000000000
I2                            ,41,True,0 days 09:22:55.000000000
I2                            ,42,False,0 days 00:55:41.000000000
I2                            ,42,True,0 days 10:26:49.000000000
I2                            ,43,False,0 days 00:57:16.000000000
I2                            ,43,True,0 days 12:53:26.000000000
I2                            ,44,False,0 days 00:21:17.000000000
I2                            ,44,True,0 days 12:02:51.000000000
I2                            ,45,False,0 days 02:25:33.000000000
I2                            ,45,True,0 days 10:52:19.000000000
I2                            ,46,False,0 days 00:21:42.000000000
I2                            ,46,True,0 days 13:06:15.000000000
I2                            ,47,False,0 days 00:26:12.000000000
I2                            ,47,True,0 days 09:36:45.000000000
I2                            ,48,False,0 days 00:56:48.000000000
I2                            ,48,True,0 days 11:47:24.000000000
I2                            ,49,False,0 days 02:32:16.000000000
I2                            ,49,True,0 days 09:31:33.000000000
I2                            ,50,False,0 days 02:03:28.000000000
I2                            ,50,True,0 days 08:54:09.000000000
I2                            ,51,False,0 days 01:26:08.000000000
I2                            ,51,True,0 days 09:43:57.000000000
I2                            ,52,False,0 days 00:06:46.000000000
I2                            ,52,True,0 days 09:23:21.000000000
I2                            ,53,False,0 days 00:22:21.000000000
I2                            ,53,True,0 days 11:36:10.000000000
I2                            ,54,False,0 days 00:53:16.000000000
I2                            ,54,True,0 days 12:39:35.000000000
I2                            ,55,False,0 days 01:22:15.000000000
I2                            ,55,True,0 days 06:13:05.000000000
I2                            ,56,False,0 days 01:22:07.000000000
I2                            ,56,True,0 days 10:34:04.000000000
I2                            ,57,False,0 days 04:07:37.000000000
I2                            ,57,True,0 days 08:27:55.000000000
I2                            ,58,False,0 days 01:01:19.000000000
I2                            ,58,True,0 days 09:22:07.000000000
I2                            ,59,False,0 days 01:54:32.000000000
I2                            ,59,True,0 days 10:34:05.000000000
I2                            ,60,False,0 days 03:22:51.000000000
I2                            ,60,True,0 days 06:35:31.000000000
I2                            ,61,False,0 days 01:24:29.000000000
I2                            ,61,True,0 days 10:37:50.000000000
I2                            ,62,False,0 days 00:55:00.000000000
I2                            ,62,True,0 days 11:56:34.000000000
I2                            ,63,False,0 days 00:43:28.000000000
I2                            ,63,True,0 days 11:26:28.000000000
J1                            ,1,False,0 days 01:32:12.000000000
J1                            ,1,True,0 days 10:22:38.000000000
J1                            ,2,False,0 days 01:38:25.000000000
J1                            ,2,True,0 days 10:57:49.000000000
J1                            ,3,False,0 days 01:58:14.000000000
J1                            ,3,True,0 days 09:50:58.000000000
J1                            ,4,False,0 days 01:49:06.000000000
J1                            ,4,True,0 days 09:13:42.000000000
J1                            ,5,False,0 days 01:56:03.000000000
J1                            ,5,True,0 days 10:59:17.000000000
J1                            ,6,False,0 days 01:02:41.000000000
J1                            ,6,True,0 days 10:05:09.000000000
J1                            ,7,False,0 days 00:39:48.000000000
J1                            ,7,True,0 days 11:37:21.000000000
J1                            ,8,False,0 days 01:43:58.000000000
J1                            ,8,True,0 days 11:12:45.000000000
J1                            ,10,False,0 days 02:00:37.000000000
J1                            ,10,True,0 days 11:46:22.000000000
J1                            ,11,False,0 days 01:14:23.000000000
J1                            ,11,True,0 days 10:57:34.000000000
J1                            ,12,False,0 days 02:00:39.000000000
J1                            ,12,True,0 days 11:10:29.000000000
J1                            ,13,False,0 days 01:42:55.000000000
J1                            ,13,True,0 days 06:32:44.000000000
J1                            ,14,False,0 days 00:58:48.000000000
J1                            ,14,True,0 days 12:39:08.000000000
J1                            ,15,False,0 days 03:00:35.000000000
J1                            ,15,True,0 days 10:26:19.000000000
J1                            ,16,False,0 days 01:54:14.000000000
J1                            ,16,True,0 days 09:25:16.000000000
J1                            ,17,False,0 days 00:17:47.000000000
J1                            ,17,True,0 days 11:40:39.000000000
J1                            ,18,False,0 days 04:24:22.000000000
J1                            ,18,True,0 days 07:32:41.000000000
J1                            ,19,False,0 days 01:06:25.000000000
J1                            ,19,True,0 days 11:49:44.000000000
J1                            ,20,False,0 days 00:45:47.000000000
J1                            ,20,True,0 days 11:19:13.000000000
J1                            ,21,False,0 days 00:28:40.000000000
J1                            ,21,True,0 days 12:27:03.000000000
J1                            ,22,False,0 days 01:03:58.000000000
J1                            ,22,True,0 days 12:03:10.000000000
J1                            ,23,False,0 days 00:56:10.000000000
J1                            ,23,True,0 days 10:40:05.000000000
J1                            ,24,False,0 days 00:30:25.000000000
J1                            ,24,True,0 days 10:03:18.000000000
J1                            ,25,False,0 days 00:20:25.000000000
J1                            ,25,True,0 days 11:38:44.000000000
J1                            ,26,False,0 days 00:39:52.000000000
J1                            ,26,True,0 days 12:04:41.000000000
J1                            ,27,False,0 days 02:19:08.000000000
J1                            ,27,True,0 days 11:35:36.000000000
J1                            ,28,False,0 days 00:44:03.000000000
J1                            ,28,True,0 days 11:05:00.000000000
J1                            ,29,False,0 days 00:38:47.000000000
J1                            ,29,True,0 days 11:17:12.000000000
J1                            ,30,False,0 days 00:27:42.000000000
J1                            ,30,True,0 days 11:44:34.000000000
J1                            ,31,False,0 days 02:44:48.000000000
J1                            ,31,True,0 days 10:34:29.000000000
J1                            ,32,False,0 days 00:42:46.000000000
J1                            ,32,True,0 days 12:34:51.000000000
J2                            ,34,False,0 days 01:02:17.000000000
J2                            ,34,True,0 days 11:30:06.000000000
J2                            ,35,False,0 days 01:45:09.000000000
J2                            ,35,True,0 days 08:49:22.000000000
J2                            ,36,False,0 days 01:14:56.000000000
J2                            ,36,True,0 days 10:53:13.000000000
J2                            ,37,False,0 days 02:10:08.000000000
J2                            ,37,True,0 days 09:34:27.000000000
J2                            ,38,False,0 days 01:43:24.000000000
J2                            ,38,True,0 days 10:44:48.000000000
J2                            ,39,False,0 days 02:02:25.000000000
J2                            ,39,True,0 days 11:24:21.000000000
J2                            ,40,False,0 days 02:32:31.000000000
J2                            ,40,True,0 days 10:17:37.000000000
J2                            ,41,False,0 days 01:21:24.000000000
J2                            ,41,True,0 days 12:20:04.000000000
J2                            ,42,False,0 days 03:28:20.000000000
J2                            ,42,True,0 days 08:41:07.000000000
J2                            ,43,False,0 days 00:47:10.000000000
J2                            ,43,True,0 days 11:38:03.000000000
J2                            ,44,False,0 days 00:39:39.000000000
J2                            ,44,True,0 days 11:25:59.000000000
J2                            ,45,False,0 days 01:41:24.000000000
J2                            ,45,True,0 days 10:06:07.000000000
J2                            ,46,False,0 days 02:57:35.000000000
J2                            ,46,True,0 days 09:17:15.000000000
J2                            ,47,False,0 days 01:05:02.000000000
J2                            ,47,True,0 days 10:29:30.000000000
J2                            ,48,False,0 days 00:25:53.000000000
J2                            ,48,True,0 days 12:33:27.000000000
J2                            ,49,False,0 days 02:31:42.000000000
J2                            ,49,True,0 days 10:17:02.000000000
J2                            ,50,False,0 days 03:07:56.000000000
J2                            ,50,True,0 days 09:50:40.000000000
J2                            ,51,False,0 days 00:53:05.000000000
J2                            ,51,True,0 days 10:54:39.000000000
J2                            ,52,False,0 days 00:38:27.000000000
J2                            ,52,True,0 days 12:24:14.000000000
J2                            ,53,False,0 days 00:34:05.000000000
J2                            ,53,True,0 days 12:31:33.000000000
J2                            ,54,False,0 days 00:28:00.000000000
J2                            ,54,True,0 days 12:25:09.000000000
J2                            ,55,False,0 days 00:25:19.000000000
J2                            ,55,True,0 days 12:46:12.000000000
J2                            ,56,False,0 days 00:53:30.000000000
J2                            ,56,True,0 days 10:55:35.000000000
J2                            ,57,False,0 days 00:56:52.000000000
J2                            ,57,True,0 days 12:26:36.000000000
J2                            ,58,False,0 days 01:27:24.000000000
J2                            ,58,True,0 days 11:34:53.000000000
J2                            ,59,False,0 days 01:58:37.000000000
J2                            ,59,True,0 days 11:08:30.000000000
J2                            ,60,False,0 days 01:07:25.000000000
J2                            ,60,True,0 days 11:16:13.000000000
J2                            ,61,False,0 days 00:16:18.000000000
J2                            ,61,True,0 days 13:21:15.000000000
J2                            ,62,False,0 days 00:55:28.000000000
J2                            ,62,True,0 days 12:36:07.000000000
J2                            ,63,False,0 days 00:32:55.000000000
J2                            ,63,True,0 days 11:13:25.000000000
J2                            ,64,False,0 days 00:20:44.000000000
J2                            ,64,True,0 days 11:23:55.000000000
K1                            ,1,False,0 days 10:41:53.000000000
K1                            ,12,False,0 days 00:29:47.000000000
K1                            ,13,False,0 days 00:28:59.000000000
K1                            ,14,False,0 days 01:39:04.000000000
K1                            ,14,True,0 days 01:14:01.000000000
K1                            ,15,False,0 days 00:48:48.000000000
K1                            ,15,True,0 days 01:45:03.000000000
K1                            ,16,False,0 days 02:32:40.000000000
K1                            ,16,True,0 days 00:56:04.000000000
K1                            ,17,False,0 days 00:35:43.000000000
K1                            ,17,True,0 days 10:09:20.000000000
K1                            ,18,False,0 days 01:25:52.000000000
K1                            ,18,True,0 days 10:49:02.000000000
K1                            ,19,False,0 days 02:31:44.000000000
K1                            ,19,True,0 days 10:14:27.000000000
K1                            ,20,False,0 days 06:00:10.000000000
K1                            ,20,True,0 days 05:48:08.000000000
K1                            ,21,False,0 days 07:23:41.000000000
K1                            ,21,True,0 days 06:31:19.000000000
K1                            ,22,False,0 days 02:09:18.000000000
K1                            ,22,True,0 days 08:55:25.000000000
K1                            ,25,False,0 days 04:12:10.000000000
K1                            ,25,True,0 days 08:12:44.000000000
K1                            ,26,False,0 days 02:26:08.000000000
K1                            ,26,True,0 days 11:06:57.000000000
K1                            ,27,False,0 days 01:08:37.000000000
K1                            ,27,True,0 days 11:08:07.000000000
K1                            ,28,False,0 days 00:50:23.000000000
K1                            ,28,True,0 days 04:38:22.000000000
K1                            ,29,False,0 days 00:53:18.000000000
K1                            ,29,True,0 days 09:20:46.000000000
K1                            ,30,False,0 days 00:25:49.000000000
K1                            ,30,True,0 days 12:35:48.000000000
K1                            ,31,False,0 days 03:07:10.000000000
K1                            ,31,True,0 days 08:12:31.000000000
K1                            ,32,False,0 days 00:02:40.000000000
K1                            ,32,True,0 days 11:10:01.000000000
K2                            ,44,False,0 days 02:11:00.000000000
K2                            ,44,True,0 days 00:07:52.000000000
K2                            ,45,False,0 days 01:42:11.000000000
K2                            ,45,True,0 days 01:39:44.000000000
K2                            ,46,False,0 days 01:12:18.000000000
K2                            ,46,True,0 days 00:29:49.000000000
K2                            ,47,False,0 days 01:29:06.000000000
K2                            ,47,True,0 days 00:22:09.000000000
K2                            ,48,False,0 days 02:05:55.000000000
K2                            ,48,True,0 days 00:30:53.000000000
K2                            ,49,False,0 days 00:40:06.000000000
K2                            ,49,True,0 days 13:09:28.000000000
K2                            ,50,False,0 days 00:47:25.000000000
K2                            ,50,True,0 days 08:04:06.000000000
K2                            ,51,False,0 days 01:48:06.000000000
K2                            ,51,True,0 days 11:35:59.000000000
K2                            ,52,False,0 days 03:27:54.000000000
K2                            ,52,True,0 days 05:11:16.000000000
K2                            ,53,False,0 days 02:27:49.000000000
K2                            ,53,True,0 days 09:54:24.000000000
K2                            ,54,False,0 days 01:43:16.000000000
K2                            ,54,True,0 days 06:46:30.000000000
K2                            ,56,False,0 days 07:03:24.000000000
K2                            ,56,True,0 days 03:33:14.000000000
K2                            ,57,False,0 days 09:04:02.000000000
K2                            ,57,True,0 days 02:24:12.000000000
K2                            ,58,False,0 days 01:52:07.000000000
K2                            ,58,True,0 days 11:52:02.000000000
K2                            ,59,False,0 days 03:38:39.000000000
K2                            ,59,True,0 days 08:05:01.000000000
K2                            ,60,False,0 days 00:49:17.000000000
K2                            ,60,True,0 days 04:01:58.000000000
K2                            ,61,False,0 days 01:13:37.000000000
K2                            ,61,True,0 days 09:55:28.000000000
K2                            ,62,False,0 days 03:09:39.000000000
K2                            ,62,True,0 days 06:19:51.000000000
K2                            ,63,False,0 days 01:21:42.000000000
K2                            ,63,True,0 days 08:47:14.000000000
K2                            ,64,False,0 days 00:46:55.000000000
K2                            ,64,True,0 days 09:42:46.000000000
L1                            ,8,False,0 days 02:32:41.000000000
L1                            ,8,True,0 days 11:21:54.000000000
L1                            ,9,False,0 days 01:42:44.000000000
L1                            ,9,True,0 days 12:11:01.000000000
L1                            ,10,False,0 days 02:51:01.000000000
L1                            ,10,True,0 days 10:39:59.000000000
L1                            ,11,False,0 days 02:31:35.000000000
L1                            ,11,True,0 days 11:22:45.000000000
L1                            ,12,False,0 days 03:57:58.000000000
L1                            ,12,True,0 days 09:48:48.000000000
L1                            ,13,False,0 days 04:08:08.000000000
L1                            ,13,True,0 days 04:59:56.000000000
L1                            ,15,False,0 days 05:50:47.000000000
L1                            ,15,True,0 days 05:41:51.000000000
L1                            ,16,False,0 days 01:14:16.000000000
L1                            ,16,True,0 days 10:41:19.000000000
L1                            ,23,False,0 days 03:30:13.000000000
L1                            ,23,True,0 days 07:51:00.000000000
L1                            ,26,False,0 days 05:13:15.000000000
L1                            ,26,True,0 days 08:10:14.000000000
L1                            ,27,False,0 days 05:13:22.000000000
L1                            ,27,True,0 days 05:17:26.000000000
L2                            ,40,False,0 days 04:44:02.000000000
L2                            ,40,True,0 days 09:02:07.000000000
L2                            ,41,False,0 days 01:35:12.000000000
L2                            ,41,True,0 days 09:45:26.000000000
L2                            ,42,False,0 days 04:44:45.000000000
L2                            ,42,True,0 days 08:55:25.000000000
L2                            ,43,False,0 days 03:51:32.000000000
L2                            ,43,True,0 days 09:46:47.000000000
L2                            ,44,False,0 days 03:34:45.000000000
L2                            ,44,True,0 days 07:06:13.000000000
L2                            ,45,False,0 days 02:06:14.000000000
L2                            ,45,True,0 days 11:48:20.000000000
L2                            ,46,False,0 days 00:06:52.000000000
L2                            ,46,True,0 days 03:39:40.000000000
L2                            ,47,False,0 days 01:09:24.000000000
L2                            ,47,True,0 days 11:03:19.000000000
L2                            ,48,False,0 days 00:28:25.000000000
L2                            ,48,True,0 days 12:11:46.000000000
L2                            ,55,False,0 days 02:59:19.000000000
L2                            ,55,True,0 days 10:47:59.000000000
L2                            ,58,False,0 days 05:45:02.000000000
L2                            ,58,True,0 days 06:20:34.000000000
L2                            ,59,False,0 days 02:04:50.000000000
L2                            ,59,True,0 days 10:30:28.000000000
M1                            ,1,False,0 days 00:35:32.000000000
M1                            ,1,True,0 days 11:39:37.000000000
M1                            ,2,False,0 days 00:59:55.000000000
M1                            ,2,True,0 days 09:53:28.000000000
M1                            ,3,False,0 days 00:14:50.000000000
M1                            ,3,True,0 days 11:04:43.000000000
M1                            ,4,False,0 days 01:04:06.000000000
M1                            ,4,True,0 days 10:45:48.000000000
M1                            ,5,False,0 days 07:01:26.000000000
M1                            ,5,True,0 days 05:30:26.000000000
M1                            ,6,False,0 days 01:02:07.000000000
M1                            ,6,True,0 days 09:26:05.000000000
M1                            ,7,False,0 days 00:54:46.000000000
M1                            ,7,True,0 days 11:05:21.000000000
M1                            ,8,False,0 days 03:57:57.000000000
M1                            ,8,True,0 days 09:47:54.000000000
M1                            ,9,False,0 days 00:09:55.000000000
M1                            ,9,True,0 days 04:14:16.000000000
M1                            ,10,False,0 days 05:53:23.000000000
M1                            ,10,True,0 days 04:01:20.000000000
M1                            ,11,False,0 days 00:57:14.000000000
M1                            ,11,True,0 days 12:14:10.000000000
M1                            ,12,False,0 days 01:03:59.000000000
M1                            ,12,True,0 days 11:27:18.000000000
M1                            ,13,False,0 days 01:09:49.000000000
M1                            ,13,True,0 days 12:30:06.000000000
M1                            ,14,False,0 days 05:14:21.000000000
M1                            ,14,True,0 days 06:04:42.000000000
M1                            ,15,False,0 days 01:50:13.000000000
M1                            ,15,True,0 days 11:42:32.000000000
M1                            ,16,False,0 days 01:13:24.000000000
M1                            ,16,True,0 days 12:34:15.000000000
M1                            ,17,False,0 days 00:25:16.000000000
M1                            ,17,True,0 days 12:38:35.000000000
M1                            ,18,False,0 days 00:27:32.000000000
M1                            ,18,True,0 days 12:35:57.000000000
M1                            ,19,False,0 days 00:30:46.000000000
M1                            ,19,True,0 days 12:33:43.000000000
M1                            ,20,False,0 days 00:37:54.000000000
M1                            ,20,True,0 days 13:12:25.000000000
M1                            ,21,False,0 days 07:11:34.000000000
M1                            ,21,True,0 days 06:37:32.000000000
M1                            ,22,False,0 days 00:12:11.000000000
M1                            ,22,True,0 days 12:25:12.000000000
M1                            ,23,False,0 days 00:11:18.000000000
M1                            ,23,True,0 days 12:49:31.000000000
M1                            ,24,False,0 days 00:14:29.000000000
M1                            ,24,True,0 days 11:16:07.000000000
M1                            ,25,False,0 days 02:38:00.000000000
M1                            ,25,True,0 days 10:54:19.000000000
M1                            ,26,False,0 days 01:51:12.000000000
M1                            ,26,True,0 days 10:03:11.000000000
M1                            ,27,False,0 days 00:12:43.000000000
M1                            ,27,True,0 days 12:26:39.000000000
M1                            ,28,False,0 days 04:31:52.000000000
M1                            ,28,True,0 days 08:52:02.000000000
M1                            ,29,False,0 days 06:13:52.000000000
M1                            ,29,True,0 days 06:15:30.000000000
M1                            ,30,False,0 days 00:09:51.000000000
M1                            ,30,True,0 days 11:34:08.000000000
M1                            ,31,False,0 days 01:53:43.000000000
M1                            ,31,True,0 days 10:45:42.000000000
M1                            ,32,False,0 days 00:14:36.000000000
M1                            ,32,True,0 days 11:02:38.000000000
M2                            ,33,False,0 days 00:31:01.000000000
M2                            ,33,True,0 days 11:28:03.000000000
M2                            ,34,False,0 days 00:22:27.000000000
M2                            ,34,True,0 days 05:39:01.000000000
M2                            ,35,False,0 days 04:01:44.000000000
M2                            ,35,True,0 days 09:04:18.000000000
M2                            ,36,False,0 days 02:51:09.000000000
M2                            ,36,True,0 days 09:50:50.000000000
M2                            ,37,False,0 days 02:18:57.000000000
M2                            ,37,True,0 days 09:19:56.000000000
M2                            ,38,False,0 days 00:55:05.000000000
M2                            ,38,True,0 days 11:33:14.000000000
M2                            ,39,False,0 days 02:18:41.000000000
M2                            ,39,True,0 days 10:10:22.000000000
M2                            ,40,False,0 days 01:37:31.000000000
M2                            ,40,True,0 days 06:24:50.000000000
M2                            ,41,False,0 days 00:12:00.000000000
M2                            ,41,True,0 days 12:12:57.000000000
M2                            ,42,False,0 days 00:48:49.000000000
M2                            ,42,True,0 days 11:00:18.000000000
M2                            ,43,False,0 days 01:13:51.000000000
M2                            ,43,True,0 days 11:37:30.000000000
M2                            ,44,False,0 days 00:17:17.000000000
M2                            ,44,True,0 days 12:22:11.000000000
M2                            ,45,False,0 days 05:05:54.000000000
M2                            ,45,True,0 days 08:40:12.000000000
M2                            ,46,False,0 days 04:00:21.000000000
M2                            ,46,True,0 days 09:45:57.000000000
M2                            ,47,False,0 days 02:15:42.000000000
M2                            ,47,True,0 days 11:35:04.000000000
M2                            ,48,False,0 days 01:17:12.000000000
M2                            ,48,True,0 days 06:05:58.000000000
M2                            ,49,False,0 days 01:33:50.000000000
M2                            ,49,True,0 days 08:26:32.000000000
M2                            ,50,False,0 days 01:57:53.000000000
M2                            ,50,True,0 days 11:55:31.000000000
M2                            ,51,False,0 days 00:09:06.000000000
M2                            ,51,True,0 days 10:13:47.000000000
M2                            ,52,False,0 days 00:14:56.000000000
M2                            ,52,True,0 days 13:21:35.000000000
M2                            ,53,False,0 days 00:13:18.000000000
M2                            ,53,True,0 days 09:57:59.000000000
M2                            ,54,False,0 days 00:23:16.000000000
M2                            ,54,True,0 days 10:15:58.000000000
M2                            ,55,False,0 days 00:08:42.000000000
M2                            ,55,True,0 days 11:05:40.000000000
M2                            ,56,False,0 days 03:58:13.000000000
M2                            ,56,True,0 days 09:54:37.000000000
M2                            ,57,False,0 days 02:25:11.000000000
M2                            ,57,True,0 days 11:16:23.000000000
M2                            ,58,False,0 days 00:07:44.000000000
M2                            ,58,True,0 days 09:45:37.000000000
M2                            ,59,False,0 days 01:56:28.000000000
M2                            ,59,True,0 days 11:00:40.000000000
M2                            ,60,False,0 days 00:24:44.000000000
M2                            ,60,True,0 days 13:14:00.000000000
M2                            ,61,False,0 days 00:54:42.000000000
M2                            ,61,True,0 days 11:32:02.000000000
M2                            ,62,False,0 days 03:52:09.000000000
M2                            ,62,True,0 days 04:59:53.000000000
M2                            ,63,False,0 days 00:18:07.000000000
M2                            ,63,True,0 days 09:49:56.000000000
N1                            ,1,False,0 days 01:27:32.000000000
N1                            ,1,True,0 days 12:23:14.000000000
N1                            ,2,False,0 days 00:33:19.000000000
N1                            ,2,True,0 days 13:03:11.000000000
N1                            ,3,False,0 days 00:18:54.000000000
N1                            ,3,True,0 days 13:31:49.000000000
N1                            ,4,False,0 days 05:48:16.000000000
N1                            ,4,True,0 days 07:59:08.000000000
N1                            ,5,False,0 days 02:37:19.000000000
N1                            ,5,True,0 days 09:22:33.000000000
N1                            ,6,False,0 days 02:04:37.000000000
N1                            ,6,True,0 days 11:41:07.000000000
N1                            ,7,False,0 days 01:05:59.000000000
N1                            ,7,True,0 days 12:13:59.000000000
N1                            ,8,False,0 days 03:30:52.000000000
N1                            ,8,True,0 days 10:02:33.000000000
N1                            ,9,False,0 days 00:31:21.000000000
N1                            ,9,True,0 days 12:38:38.000000000
N1                            ,10,False,0 days 01:58:22.000000000
N1                            ,10,True,0 days 11:54:09.000000000
N1                            ,11,False,0 days 01:01:52.000000000
N1                            ,11,True,0 days 12:46:50.000000000
N1                            ,12,False,0 days 00:23:34.000000000
N1                            ,12,True,0 days 13:25:33.000000000
N1                            ,13,False,0 days 00:21:00.000000000
N1                            ,13,True,0 days 08:30:32.000000000
N1                            ,14,False,0 days 00:35:53.000000000
N1                            ,14,True,0 days 10:19:18.000000000
N1                            ,15,False,0 days 02:20:49.000000000
N1                            ,15,True,0 days 11:14:40.000000000
N1                            ,16,False,0 days 02:20:56.000000000
N1                            ,16,True,0 days 11:08:52.000000000
N2                            ,33,False,0 days 00:55:37.000000000
N2                            ,33,True,0 days 12:26:18.000000000
N2                            ,34,False,0 days 04:52:13.000000000
N2                            ,34,True,0 days 08:58:15.000000000
N2                            ,35,False,0 days 01:54:39.000000000
N2                            ,35,True,0 days 11:34:41.000000000
N2                            ,36,False,0 days 01:54:02.000000000
N2                            ,36,True,0 days 07:31:41.000000000
N2                            ,37,False,0 days 03:04:30.000000000
N2                            ,37,True,0 days 10:33:02.000000000
N2                            ,38,False,0 days 01:28:00.000000000
N2                            ,38,True,0 days 12:07:22.000000000
N2                            ,39,False,0 days 01:06:04.000000000
N2                            ,39,True,0 days 12:27:21.000000000
N2                            ,40,False,0 days 05:11:10.000000000
N2                            ,40,True,0 days 08:26:25.000000000
N2                            ,41,False,0 days 02:14:32.000000000
N2                            ,41,True,0 days 09:09:34.000000000
N2                            ,42,False,0 days 01:51:01.000000000
N2                            ,42,True,0 days 10:36:17.000000000
N2                            ,43,False,0 days 01:22:31.000000000
N2                            ,43,True,0 days 12:12:36.000000000
N2                            ,44,False,0 days 01:26:13.000000000
N2                            ,44,True,0 days 12:14:31.000000000
N2                            ,45,False,0 days 05:34:58.000000000
N2                            ,45,True,0 days 07:06:39.000000000
N2                            ,46,False,0 days 02:01:39.000000000
N2                            ,46,True,0 days 11:51:05.000000000
N2                            ,47,False,0 days 02:03:55.000000000
N2                            ,47,True,0 days 11:38:55.000000000
N2                            ,48,False,0 days 03:16:29.000000000
N2                            ,48,True,0 days 10:23:52.000000000
O1                            ,1,False,0 days 03:34:00.000000000
O1                            ,1,True,0 days 09:41:13.000000000
O1                            ,2,False,0 days 00:53:11.000000000
O1                            ,2,True,0 days 12:29:05.000000000
O1                            ,3,False,0 days 01:27:37.000000000
O1                            ,3,True,0 days 12:24:57.000000000
O1                            ,4,False,0 days 02:04:21.000000000
O1                            ,4,True,0 days 09:44:50.000000000
O1                            ,5,False,0 days 03:13:38.000000000
O1                            ,5,True,0 days 10:09:05.000000000
O1                            ,6,False,0 days 01:03:59.000000000
O1                            ,6,True,0 days 11:54:20.000000000
O1                            ,7,False,0 days 00:33:25.000000000
O1                            ,7,True,0 days 12:30:07.000000000
O1                            ,8,False,0 days 00:47:04.000000000
O1                            ,8,True,0 days 12:51:13.000000000
O1                            ,9,False,0 days 00:20:05.000000000
O1                            ,9,True,0 days 12:36:41.000000000
O1                            ,10,False,0 days 00:36:15.000000000
O1                            ,10,True,0 days 12:40:06.000000000
O1                            ,11,False,0 days 02:12:56.000000000
O1                            ,11,True,0 days 11:30:57.000000000
O1                            ,12,False,0 days 01:10:06.000000000
O1                            ,12,True,0 days 12:19:26.000000000
O1                            ,13,False,0 days 02:33:35.000000000
O1                            ,13,True,0 days 11:05:20.000000000
O1                            ,14,False,0 days 00:13:30.000000000
O1                            ,14,True,0 days 11:34:51.000000000
O1                            ,15,False,0 days 02:04:20.000000000
O1                            ,15,True,0 days 09:44:50.000000000
O1                            ,16,False,0 days 00:54:10.000000000
O1                            ,16,True,0 days 11:05:20.000000000
O1                            ,17,False,0 days 00:34:30.000000000
O1                            ,17,True,0 days 12:43:50.000000000
O1                            ,18,False,0 days 00:25:03.000000000
O1                            ,18,True,0 days 12:31:27.000000000
O1                            ,19,False,0 days 00:15:53.000000000
O1                            ,19,True,0 days 12:40:55.000000000
O1                            ,20,False,0 days 01:06:19.000000000
O1                            ,20,True,0 days 10:36:18.000000000
O1                            ,21,False,0 days 00:17:28.000000000
O1                            ,21,True,0 days 10:48:54.000000000
O1                            ,22,False,0 days 01:02:08.000000000
O1                            ,22,True,0 days 11:51:46.000000000
O1                            ,23,False,0 days 00:31:49.000000000
O1                            ,23,True,0 days 12:48:58.000000000
O1                            ,24,False,0 days 02:38:57.000000000
O1                            ,24,True,0 days 09:21:05.000000000
O1                            ,25,False,0 days 00:39:18.000000000
O1                            ,25,True,0 days 11:58:18.000000000
O1                            ,26,False,0 days 00:52:58.000000000
O1                            ,26,True,0 days 10:46:31.000000000
O1                            ,27,False,0 days 01:34:31.000000000
O1                            ,27,True,0 days 11:15:23.000000000
O1                            ,28,False,0 days 01:37:43.000000000
O1                            ,28,True,0 days 11:54:55.000000000
O1                            ,29,False,0 days 02:31:10.000000000
O1                            ,29,True,0 days 09:34:57.000000000
O1                            ,30,False,0 days 01:30:52.000000000
O1                            ,30,True,0 days 12:14:19.000000000
O1                            ,31,False,0 days 03:39:42.000000000
O1                            ,31,True,0 days 09:50:21.000000000
O2                            ,33,False,0 days 01:52:56.000000000
O2                            ,33,True,0 days 10:28:12.000000000
O2                            ,34,False,0 days 04:45:31.000000000
O2                            ,34,True,0 days 08:06:29.000000000
O2                            ,35,False,0 days 00:21:39.000000000
O2                            ,35,True,0 days 12:39:45.000000000
O2                            ,36,False,0 days 00:25:10.000000000
O2                            ,36,True,0 days 10:42:26.000000000
O2                            ,37,False,0 days 01:17:48.000000000
O2                            ,37,True,0 days 11:17:53.000000000
O2                            ,38,False,0 days 00:56:35.000000000
O2                            ,38,True,0 days 12:34:48.000000000
O2                            ,39,False,0 days 00:13:48.000000000
O2                            ,39,True,0 days 11:39:37.000000000
O2                            ,40,False,0 days 01:08:56.000000000
O2                            ,40,True,0 days 12:31:52.000000000
O2                            ,41,False,0 days 00:38:32.000000000
O2                            ,41,True,0 days 09:49:59.000000000
O2                            ,42,False,0 days 00:22:47.000000000
O2                            ,42,True,0 days 13:02:05.000000000
O2                            ,43,False,0 days 00:44:16.000000000
O2                            ,43,True,0 days 10:17:07.000000000
O2                            ,44,False,0 days 01:53:23.000000000
O2                            ,44,True,0 days 11:37:50.000000000
O2                            ,45,False,0 days 00:15:21.000000000
O2                            ,45,True,0 days 11:26:27.000000000
O2                            ,46,False,0 days 00:39:18.000000000
O2                            ,46,True,0 days 12:09:25.000000000
O2                            ,47,False,0 days 00:11:29.000000000
O2                            ,47,True,0 days 10:52:04.000000000
O2                            ,48,False,0 days 00:56:01.000000000
O2                            ,48,True,0 days 12:13:31.000000000
O2                            ,49,False,0 days 11:22:53.000000000
O2                            ,49,True,0 days 01:19:15.000000000
O2                            ,50,False,0 days 00:53:47.000000000
O2                            ,50,True,0 days 10:59:26.000000000
O2                            ,51,False,0 days 00:23:10.000000000
O2                            ,51,True,0 days 13:14:21.000000000
O2                            ,52,False,0 days 02:00:01.000000000
O2                            ,52,True,0 days 09:40:01.000000000
O2                            ,53,False,0 days 00:34:34.000000000
O2                            ,53,True,0 days 12:50:51.000000000
O2                            ,54,False,0 days 00:11:44.000000000
O2                            ,54,True,0 days 11:08:52.000000000
O2                            ,55,False,0 days 00:18:10.000000000
O2                            ,55,True,0 days 10:53:20.000000000
O2                            ,56,False,0 days 00:13:46.000000000
O2                            ,56,True,0 days 09:28:40.000000000
O2                            ,57,False,0 days 01:06:54.000000000
O2                            ,57,True,0 days 11:02:43.000000000
O2                            ,58,False,0 days 01:09:40.000000000
O2                            ,58,True,0 days 09:27:39.000000000
O2                            ,59,False,0 days 02:51:38.000000000
O2                            ,59,True,0 days 08:50:40.000000000
O2                            ,60,False,0 days 00:32:16.000000000
O2                            ,60,True,0 days 10:20:08.000000000
O2                            ,61,False,0 days 02:00:04.000000000
O2                            ,61,True,0 days 10:07:12.000000000
O2                            ,62,False,0 days 01:27:55.000000000
O2                            ,62,True,0 days 12:09:46.000000000
O2                            ,63,False,0 days 01:36:48.000000000
O2                            ,63,True,0 days 11:15:53.000000000
